{
  "ok": true,
  "mode": "both",
  "shape_preset": "pellets",
  "exclude_edges": true,
  "processed_image_path": "C:\\Users\\LUIS\\Documents\\Particle size\\Corpus\\processed_image.jpg",
  "measurements_path": "C:\\Users\\LUIS\\Documents\\Particle size\\Corpus\\measurements.json",
  "nm_per_px": 1.1360702676647076,
  "scale_bar_px": 44.01136216933077,
  "selected_scale": {
    "x": 171,
    "y": 214,
    "width_px": 44.01136216933077,
    "height_px": 2.0,
    "method": "hough_line",
    "confidence": 1.0
  },
  "scale_candidates": [
    {
      "x": 171,
      "y": 214,
      "width_px": 44.01136216933077,
      "height_px": 2.0,
      "method": "hough_line",
      "confidence": 1.0
    },
    {
      "x": 171,
      "y": 216,
      "width_px": 43.0,
      "height_px": 1.0,
      "method": "hough_line",
      "confidence": 1.0
    },
    {
      "x": 176,
      "y": 207,
      "width_px": 40.01249804748511,
      "height_px": 2.0,
      "method": "hough_line",
      "confidence": 0.9887
    },
    {
      "x": 165,
      "y": 149,
      "width_px": 21.213203435596427,
      "height_px": 4.0,
      "method": "hough_line",
      "confidence": 0.6682
    }
  ],
  "histogram_bin_width": 5.0,
  "measurements": [
    {
      "object_id": "obj_0001",
      "preset": "pellets",
      "class": "core_shell_object",
      "center_x": 81.5,
      "center_y": 190.49999618530273,
      "inner_major_axis": 62.387663825098876,
      "inner_minor_axis": 35.28999310322984,
      "outer_major_axis": 76.11669059847884,
      "outer_minor_axis": 69.30027766001888,
      "equivalent_diameter": 81.95256900494854,
      "shell_thickness_estimate": 6.864513386689982,
      "inner_outer_ratio": 0.8196318486072708,
      "pair_status": "paired",
      "review_status": "ready",
      "confidence_score": 1.0,
      "flags": [],
      "inner": {
        "class": "Au_decorations",
        "diameter": 62.387663825098876,
        "major_axis": 62.387663825098876,
        "minor_axis": 35.28999310322984,
        "equivalent_diameter": 45.231910208149024,
        "radius_px": 27.457660675048828,
        "center_x": 81.92308044433594,
        "center_y": 193.6153564453125,
        "area_px": 1245.0,
        "aspect_ratio": 1.7679,
        "shape": "round",
        "angle": -56.309932708740234,
        "confidence_hint": 0.6951,
        "flags": []
      },
      "outer": {
        "class": "SiO2_carrier",
        "diameter": 76.11669059847884,
        "major_axis": 76.11669059847884,
        "minor_axis": 69.30027766001888,
        "equivalent_diameter": 81.95256900494854,
        "radius_px": 33.49999237060547,
        "center_x": 81.5,
        "center_y": 190.49999618530273,
        "area_px": 4087.0,
        "aspect_ratio": 1.0984,
        "shape": "elongated",
        "angle": -90.0,
        "confidence_hint": 0.7,
        "flags": []
      }
    },
    {
      "object_id": "obj_0002",
      "preset": "pellets",
      "class": "core_shell_object",
      "center_x": 126.5,
      "center_y": 133.5,
      "inner_major_axis": 43.84577961578763,
      "inner_minor_axis": 18.06129901869194,
      "outer_major_axis": 76.11670793353541,
      "outer_minor_axis": 76.11670793353541,
      "equivalent_diameter": 82.49717673647852,
      "shell_thickness_estimate": 16.13546415887389,
      "inner_outer_ratio": 0.5760335779901762,
      "pair_status": "paired",
      "review_status": "ready",
      "confidence_score": 1.0,
      "flags": [],
      "inner": {
        "class": "Au_decorations",
        "diameter": 43.84577961578763,
        "major_axis": 43.84577961578763,
        "minor_axis": 18.06129901869194,
        "equivalent_diameter": 27.553783461634666,
        "radius_px": 19.2971248626709,
        "center_x": 127.23063659667969,
        "center_y": 134.13037109375,
        "area_px": 462.0,
        "aspect_ratio": 2.4276,
        "shape": "elongated",
        "angle": -15.5241117477417,
        "confidence_hint": 0.6095,
        "flags": []
      },
      "outer": {
        "class": "SiO2_carrier",
        "diameter": 76.11670793353541,
        "major_axis": 76.11670793353541,
        "minor_axis": 76.11670793353541,
        "equivalent_diameter": 82.49717673647852,
        "radius_px": 33.5,
        "center_x": 126.5,
        "center_y": 133.5,
        "area_px": 4141.5,
        "aspect_ratio": 1.0,
        "shape": "elongated",
        "angle": -90.0,
        "confidence_hint": 0.7,
        "flags": []
      }
    },
    {
      "object_id": "obj_0003",
      "preset": "pellets",
      "class": "core_shell_object",
      "center_x": 177.5,
      "center_y": 125.5,
      "inner_major_axis": 45.442810706588304,
      "inner_minor_axis": 23.857475620958862,
      "outer_major_axis": 76.11670793353541,
      "outer_minor_axis": 76.11670793353541,
      "equivalent_diameter": 82.19284091755134,
      "shell_thickness_estimate": 15.336948613473552,
      "inner_outer_ratio": 0.5970149253731344,
      "pair_status": "paired",
      "review_status": "ready",
      "confidence_score": 1.0,
      "flags": [],
      "inner": {
        "class": "Au_decorations",
        "diameter": 45.442810706588304,
        "major_axis": 45.442810706588304,
        "minor_axis": 23.857475620958862,
        "equivalent_diameter": 31.63507727225135,
        "radius_px": 20.0,
        "center_x": 177.5,
        "center_y": 126.0,
        "area_px": 609.0,
        "aspect_ratio": 1.9048,
        "shape": "elongated",
        "angle": -90.0,
        "confidence_hint": 0.651,
        "flags": []
      },
      "outer": {
        "class": "SiO2_carrier",
        "diameter": 76.11670793353541,
        "major_axis": 76.11670793353541,
        "minor_axis": 76.11670793353541,
        "equivalent_diameter": 82.19284091755134,
        "radius_px": 33.5,
        "center_x": 177.5,
        "center_y": 125.5,
        "area_px": 4111.0,
        "aspect_ratio": 1.0,
        "shape": "elongated",
        "angle": -90.0,
        "confidence_hint": 0.7,
        "flags": []
      }
    },
    {
      "object_id": "obj_0004",
      "preset": "pellets",
      "class": "core_shell_object",
      "center_x": 42.336212158203125,
      "center_y": 32.784488677978516,
      "inner_major_axis": 42.03306575108734,
      "inner_minor_axis": 11.136966685527597,
      "outer_major_axis": 62.50363968734625,
      "outer_minor_axis": 38.48672921730781,
      "equivalent_diameter": 49.457786194945776,
      "shell_thickness_estimate": 10.235286968129454,
      "inner_outer_ratio": 0.6724898895703326,
      "pair_status": "paired",
      "review_status": "ready",
      "confidence_score": 1.0,
      "flags": [],
      "inner": {
        "class": "Au_decorations",
        "diameter": 42.03306575108734,
        "major_axis": 42.03306575108734,
        "minor_axis": 11.136966685527597,
        "equivalent_diameter": 22.14789322066312,
        "radius_px": 18.499324798583984,
        "center_x": 42.20000457763672,
        "center_y": 32.099998474121094,
        "area_px": 298.5,
        "aspect_ratio": 3.7742,
        "shape": "elongated",
        "angle": -18.434947967529297,
        "confidence_hint": 0.4786,
        "flags": []
      },
      "outer": {
        "class": "SiO2_carrier",
        "diameter": 62.50363968734625,
        "major_axis": 62.50363968734625,
        "minor_axis": 38.48672921730781,
        "equivalent_diameter": 49.457786194945776,
        "radius_px": 27.508703231811523,
        "center_x": 42.336212158203125,
        "center_y": 32.784488677978516,
        "area_px": 1488.5,
        "aspect_ratio": 1.624,
        "shape": "elongated",
        "angle": -23.198589324951172,
        "confidence_hint": 0.7,
        "flags": []
      }
    },
    {
      "object_id": "obj_0005",
      "preset": "pellets",
      "class": "core_shell_object",
      "center_x": 88.26370239257812,
      "center_y": 26.119861602783203,
      "inner_major_axis": 42.685916982974454,
      "inner_minor_axis": 10.624467655754676,